date,m2,cpi,ppi,margin_debit,sp500
2000-01-31,4666.1,169.3,128.3,260409.0,1394.4599609375
2000-02-29,4678.7,170.0,129.8,284206.0,1366.4200439453125
2000-03-31,4709.1,171.0,130.8,299933.0,1498.5799560546875
2000-04-30,4766.4,170.9,130.7,268716.0,1452.4300537109375
2000-05-31,4757.5,171.2,131.6,256862.0,1420.5999755859375
2000-06-30,4775.8,172.2,133.8,264471.0,1454.5999755859375
2000-07-31,4793.4,172.7,133.7,263729.0,1430.8299560546875
2000-08-31,4820.4,172.7,132.9,265166.0,1517.6800537109375
2000-09-30,4855.9,173.6,134.7,270208.0,1436.510009765625
2000-10-31,4871.4,173.9,135.4,250965.0,1429.4000244140625
2000-11-30,4882.6,174.2,135.0,237913.0,1314.949951171875
2000-12-31,4927.3,174.6,136.2,210385.0,1320.280029296875
2001-01-31,4976.8,175.6,140.0,208687.0,1366.010009765625
2001-02-28,5014.9,176.0,137.4,198887.0,1239.93994140625
2001-03-31,5072.2,176.1,135.9,174797.0,1160.3299560546875
2001-04-30,5137.9,176.4,136.4,176096.0,1249.4599609375
2001-05-31,5139.1,177.3,136.8,183041.0,1255.8199462890625
2001-06-30,5182.3,177.7,135.5,179585.0,1224.3800048828125
2001-07-31,5212.0,177.4,133.4,173680.0,1211.22998046875
2001-08-31,5244.4,177.4,133.4,169316.0,1133.5799560546875
2001-09-30,5355.9,178.1,133.3,157931.0,1040.93994140625
2001-10-31,5344.0,177.6,130.3,152367.0,1059.780029296875
2001-11-30,5387.5,177.5,129.8,159440.0,1139.449951171875
2001-12-31,5440.1,177.4,128.1,160473.0,1148.0799560546875
2002-01-31,5459.6,177.7,128.5,160906.0,1130.199951171875
2002-02-28,5488.4,178.0,128.4,154931.0,1106.72998046875
2002-03-31,5499.8,178.5,129.8,160089.0,1147.3900146484375
2002-04-30,5501.3,179.3,130.8,159072.0,1076.9200439453125
2002-05-31,5530.1,179.5,130.8,157802.0,1067.1400146484375
2002-06-30,5555.3,179.6,130.9,153972.0,989.8200073242188
2002-07-31,5597.6,180.0,131.2,143905.0,911.6199951171875
2002-08-31,5638.5,180.5,131.5,139146.0,916.0700073242188
2002-09-30,5662.9,180.8,132.3,136107.0,815.280029296875
2002-10-31,5707.3,181.2,133.2,138647.0,885.760009765625
2002-11-30,5758.0,181.5,133.1,139472.0,936.3099975585938
2002-12-31,5779.0,181.8,132.9,139451.0,879.8200073242188
2003-01-31,5811.1,182.6,135.3,141391.0,855.7000122070312
2003-02-28,5846.8,183.6,137.6,140516.0,841.1500244140625
2003-03-31,5866.3,183.9,141.2,144267.0,848.1799926757812
2003-04-30,5904.9,183.2,136.8,143237.0,916.9199829101562
2003-05-31,5967.0,182.9,136.7,153725.0,963.5900268554688
2003-06-30,6003.9,183.1,138.0,168281.0,974.5
2003-07-31,6050.4,183.7,137.7,174427.0,990.3099975585938
2003-08-31,6107.0,184.5,138.0,167200.0,1008.010009765625
2003-09-30,6080.0,185.1,138.5,171194.0,995.969970703125
2003-10-31,6070.2,184.9,139.3,175428.0,1050.7099609375
2003-11-30,6075.5,185.0,138.9,182587.0,1058.199951171875
2003-12-31,6073.5,185.5,139.5,181459.0,1111.9200439453125
2004-01-31,6081.3,186.3,141.4,189429.0,1131.1300048828125
2004-02-29,6120.7,186.7,142.1,190448.0,1144.93994140625
2004-03-31,6156.3,187.1,143.1,191451.0,1126.2099609375
2004-04-30,6198.5,187.4,144.8,198778.0,1107.300048828125
2004-05-31,6277.2,188.2,146.8,193843.0,1120.6800537109375
2004-06-30,6279.3,188.9,147.2,193993.0,1140.8399658203125
2004-07-31,6292.3,189.1,147.4,187844.0,1101.719970703125
2004-08-31,6317.7,189.2,148.0,187828.0,1104.239990234375
2004-09-30,6352.3,189.8,147.7,193668.0,1114.5799560546875
2004-10-31,6379.9,190.8,150.0,197999.0,1130.199951171875
2004-11-30,6406.3,191.7,151.4,211012.0,1173.8199462890625
2004-12-31,6424.3,191.7,150.2,217573.0,1211.9200439453125
2005-01-31,6429.9,191.6,150.9,220122.0,1181.27001953125
2005-02-28,6437.7,192.4,151.6,223155.0,1203.5999755859375
2005-03-31,6446.6,193.1,153.7,226876.0,1180.5899658203125
2005-04-30,6461.4,193.7,155.0,217447.0,1156.8499755859375
2005-05-31,6480.6,193.6,154.3,219404.0,1191.5
2005-06-30,6513.2,193.7,154.3,224153.0,1191.3299560546875
2005-07-31,6545.1,194.9,156.3,233585.0,1234.1800537109375
2005-08-31,6576.7,196.1,157.6,231400.0,1220.3299560546875
2005-09-30,6610.2,198.8,162.2,244669.0,1228.81005859375
2005-10-31,6644.0,199.1,166.2,239868.0,1207.010009765625
2005-11-30,6660.6,198.1,163.7,242904.0,1249.47998046875
2005-12-31,6687.4,198.1,163.0,244098.0,1248.2900390625
2006-01-31,6728.4,199.3,164.3,255795.0,1280.0799560546875
2006-02-28,6753.1,199.4,161.8,249609.0,1280.6600341796875
2006-03-31,6766.9,199.7,162.2,259370.0,1294.8699951171875
2006-04-30,6806.3,200.7,164.3,265164.0,1310.6099853515625
2006-05-31,6815.7,201.3,165.8,255608.0,1270.0899658203125
2006-06-30,6854.0,201.8,166.1,251495.0,1270.199951171875
2006-07-31,6896.1,202.9,166.8,256016.0,1276.6600341796875
2006-08-31,6926.4,203.8,167.9,249368.0,1303.8199462890625
2006-09-30,6952.8,202.8,165.4,261769.0,1335.8499755859375
2006-10-31,7002.1,201.9,162.2,267710.0,1377.93994140625
2006-11-30,7037.3,202.0,164.6,294899.0,1400.6300048828125
2006-12-31,7079.3,203.1,165.6,303288.0,1418.300048828125
2007-01-31,7115.6,203.437,164.0,311506.0,1438.239990234375
2007-02-28,7131.9,204.226,166.8,321171.0,1406.8199462890625
2007-03-31,7164.7,205.288,169.3,317737.0,1420.8599853515625
2007-04-30,7239.9,205.904,171.4,342084.0,1482.3699951171875
2007-05-31,7257.1,206.755,173.3,382312.0,1530.6199951171875
2007-06-30,7290.6,207.234,173.8,408444.0,1503.3499755859375
2007-07-31,7321.8,207.603,175.1,416403.0,1455.27001953125
2007-08-31,7397.0,207.667,172.4,362475.0,1473.989990234375
2007-09-30,7413.8,208.547,173.5,359104.0,1526.75
2007-10-31,7429.0,209.19,174.7,376979.0,1549.3800048828125
2007-11-30,7454.0,210.834,179.0,379593.0,1481.1400146484375
2007-12-31,7482.7,211.445,178.6,355292.0,1468.3599853515625
2008-01-31,7513.6,212.174,181.0,365592.0,1378.550048828125
2008-02-29,7600.3,212.687,182.7,377088.0,1330.6300048828125
2008-03-31,7664.9,213.448,187.9,349419.0,1322.699951171875
2008-04-30,7711.4,213.942,190.9,332303.0,1385.5899658203125
2008-05-31,7728.3,215.208,196.6,341610.0,1400.3800048828125
2008-06-30,7747.3,217.463,200.5,346892.0,1280.0
2008-07-31,7794.9,219.016,205.5,343297.0,1267.3800048828125
2008-08-31,7808.8,218.69,199.0,324814.0,1282.8299560546875
2008-09-30,7873.6,218.877,196.9,345745.0,1166.3599853515625
2008-10-31,7976.3,216.995,186.4,277568.0,968.75
2008-11-30,8027.8,213.153,176.8,227334.0,896.239990234375
2008-12-31,8203.0,211.398,170.9,210185.0,903.25
2009-01-31,8284.2,211.933,171.2,205007.0,825.8800048828125
2009-02-28,8314.7,212.705,169.3,199655.0,735.0900268554688
2009-03-31,8380.5,212.495,168.1,203967.0,797.8699951171875
2009-04-30,8390.2,212.709,169.1,208010.0,872.8099975585938
2009-05-31,8452.9,213.022,170.8,214401.0,919.1400146484375
2009-06-30,8462.9,214.79,174.1,217140.0,919.3200073242188
2009-07-31,8467.3,214.726,172.5,228734.0,987.47998046875
2009-08-31,8466.2,215.445,175.0,236251.0,1020.6199951171875
2009-09-30,8462.7,215.861,174.1,254107.0,1057.0799560546875
2009-10-31,8489.2,216.509,175.2,265404.0,1036.18994140625
2009-11-30,8517.9,217.234,177.4,250988.0,1095.6300048828125
2009-12-31,8510.6,217.347,178.1,262399.0,1115.0999755859375
2010-01-31,8473.1,217.488,181.9,266455.0,1073.8699951171875
2010-02-28,8523.4,217.281,181.0,263657.0,1104.489990234375
2010-03-31,8519.0,217.353,183.3,277798.0,1169.4300537109375
2010-04-30,8554.3,217.403,184.4,295550.0,1186.68994140625
2010-05-31,8612.0,217.29,184.8,268566.0,1089.4100341796875
2010-06-30,8631.0,217.199,183.5,263202.0,1030.7099609375
2010-07-31,8642.3,217.605,184.1,267468.0,1101.5999755859375
2010-08-31,8690.5,217.923,184.9,268371.0,1049.3299560546875
2010-09-30,8719.6,218.275,184.9,288540.0,1141.199951171875
2010-10-31,8769.8,219.035,186.6,303428.0,1183.260009765625
2010-11-30,8790.3,219.59,187.7,309340.0,1180.550048828125
2010-12-31,8822.0,220.472,189.7,313678.0,1257.6400146484375
2011-01-31,8844.5,221.187,192.7,326868.0,1286.1199951171875
2011-02-28,8909.9,221.898,195.8,348979.0,1327.219970703125
2011-03-31,8967.7,223.046,199.2,355413.0,1325.8299560546875
2011-04-30,9033.6,224.093,203.1,360883.0,1363.6099853515625
2011-05-31,9109.4,224.806,204.1,355736.0,1345.199951171875
2011-06-30,9184.2,224.806,203.9,345273.0,1320.6400146484375
2011-07-31,9346.9,225.395,204.6,344572.0,1292.280029296875
2011-08-31,9532.5,226.106,203.2,308866.0,1218.8900146484375
2011-09-30,9553.3,226.597,203.7,298277.0,1131.4200439453125
2011-10-31,9586.2,226.75,201.1,317028.0,1253.300048828125
2011-11-30,9639.5,227.169,201.4,303930.0,1246.9599609375
2011-12-31,9683.5,227.223,199.8,301616.0,1257.5999755859375
2012-01-31,9753.3,227.842,200.7,309844.0,1312.4100341796875
2012-02-29,9806.3,228.329,201.6,323021.0,1365.6800537109375
2012-03-31,9849.3,228.807,204.2,330815.0,1408.469970703125
2012-04-30,9905.0,229.187,203.7,335154.0,1397.9100341796875
2012-05-31,9951.9,228.713,201.9,315147.0,1310.3299560546875
2012-06-30,10023.7,228.524,199.8,320952.0,1362.1600341796875
2012-07-31,10076.0,228.59,200.1,313525.0,1379.3199462890625
2012-08-31,10147.8,229.918,202.7,320395.0,1406.5799560546875
2012-09-30,10228.4,231.015,204.4,339159.0,1440.6700439453125
2012-10-31,10294.4,231.638,203.5,342325.0,1412.1600341796875
2012-11-30,10365.6,231.249,201.8,351441.0,1416.1800537109375
2012-12-31,10485.4,231.221,201.5,355009.0,1426.18994140625
2013-01-31,10502.3,231.679,202.5,388123.0,1498.1099853515625
2013-02-28,10523.0,232.937,204.3,390351.0,1514.6800537109375
2013-03-31,10578.7,232.282,204.0,403933.0,1569.18994140625
2013-04-30,10608.9,231.797,203.5,408677.0,1597.5699462890625
2013-05-31,10646.5,231.893,204.1,401606.0,1630.739990234375
2013-06-30,10705.6,232.445,204.3,407681.0,1606.280029296875
2013-07-31,10743.0,232.9,204.4,412101.0,1685.72998046875
2013-08-31,10803.6,233.456,204.2,414442.0,1632.969970703125
2013-09-30,10865.8,233.544,203.9,432852.0,1681.550048828125
2013-10-31,10989.2,233.669,202.5,445022.0,1756.5400390625
2013-11-30,10999.8,234.1,201.2,456378.0,1805.81005859375
2013-12-31,11062.4,234.719,202.0,478502.0,1848.3599853515625
2014-01-31,11127.5,235.288,203.8,487549.0,1782.5899658203125
2014-02-28,11191.9,235.547,205.7,502093.0,1859.449951171875
2014-03-31,11228.8,236.028,207.0,487932.0,1872.3399658203125
2014-04-30,11276.0,236.468,208.3,475195.0,1883.949951171875
2014-05-31,11343.1,236.918,208.0,475362.0,1923.5699462890625
2014-06-30,11398.4,237.231,208.3,502270.0,1960.22998046875
2014-07-31,11452.5,237.498,208.0,498671.0,1930.6700439453125
2014-08-31,11477.8,237.46,207.0,501000.0,2003.3699951171875
2014-09-30,11520.7,237.477,206.4,503901.0,1972.2900390625
2014-10-31,11596.5,237.43,203.4,492888.0,2018.050048828125
2014-11-30,11638.9,236.983,200.9,496341.0,2067.56005859375
2014-12-31,11721.2,236.252,197.0,495756.0,2058.89990234375
2015-01-31,11806.2,234.747,192.0,485872.0,1994.989990234375
2015-02-28,11920.7,235.342,191.1,504923.0,2104.5
2015-03-31,11919.1,235.976,191.5,518055.0,2067.889892578125
2015-04-30,11953.4,236.222,190.9,549964.0,2085.510009765625
2015-05-31,11981.9,237.001,193.4,541671.0,2107.389892578125
2015-06-30,12020.9,237.657,194.8,547957.0,2063.110107421875
2015-07-31,12063.5,238.034,193.9,530744.0,2103.840087890625
2015-08-31,12110.1,238.033,191.9,515960.0,1972.1800537109375
2015-09-30,12172.7,237.498,189.1,497279.0,1920.030029296875
2015-10-31,12228.4,237.733,187.5,513941.0,2079.360107421875
2015-11-30,12322.7,238.017,185.7,515410.0,2080.409912109375
2015-12-31,12393.6,237.761,183.5,503444.0,2043.93994140625
2016-01-31,12522.2,237.652,182.6,487200.0,1940.239990234375
2016-02-29,12604.4,237.336,181.3,474156.0,1932.22998046875
2016-03-31,12662.2,238.08,182.1,483909.0,2059.739990234375
2016-04-30,12741.9,238.992,183.2,495178.0,2065.300048828125
2016-05-31,12800.7,239.557,185.3,489867.0,2096.949951171875
2016-06-30,12849.3,240.222,187.6,487636.0,2098.860107421875
2016-07-31,12907.3,240.101,187.7,513221.0,2173.60009765625
2016-08-31,12986.7,240.545,186.6,510157.0,2170.949951171875
2016-09-30,13052.7,241.176,186.9,540615.0,2168.27001953125
2016-10-31,13124.5,241.741,186.7,523760.0,2126.14990234375
2016-11-30,13214.2,242.026,186.3,539972.0,2198.81005859375
2016-12-31,13240.6,242.637,188.2,529372.0,2238.830078125
2017-01-31,13318.9,243.618,190.7,553557.0,2278.8701171875
2017-02-28,13395.2,244.006,191.6,568637.0,2363.639892578125
2017-03-31,13464.6,243.892,191.5,577674.0,2362.719970703125
2017-04-30,13520.3,244.193,193.0,590797.0,2384.199951171875
2017-05-31,13567.4,244.004,192.8,582764.0,2411.800048828125
2017-06-30,13577.0,244.163,193.6,584258.0,2423.409912109375
2017-07-31,13638.5,244.243,193.5,594414.0,2470.300048828125
2017-08-31,13695.0,245.183,193.8,596567.0,2471.64990234375
2017-09-30,13743.0,246.435,194.8,606334.0,2519.360107421875
2017-10-31,13801.5,246.626,194.9,607838.0,2575.260009765625
2017-11-30,13849.1,247.284,195.9,627422.0,2647.580078125
2017-12-31,13887.3,247.805,196.3,642798.0,2673.610107421875
2018-01-31,13902.4,248.859,197.9,665716.0,2823.81005859375
2018-02-28,13949.8,249.529,199.3,645064.0,2713.830078125
2018-03-31,14014.5,249.577,199.3,645235.0,2640.8701171875
2018-04-30,14034.8,250.227,200.3,652303.0,2648.050048828125
2018-05-31,14091.0,250.792,203.2,668940.0,2705.27001953125
2018-06-30,14133.2,251.018,204.2,646931.0,2718.3701171875
2018-07-31,14170.0,251.214,204.3,652790.0,2816.2900390625
2018-08-31,14221.3,251.663,203.4,652395.0,2901.52001953125
2018-09-30,14243.9,252.182,203.6,648126.0,2913.97998046875
2018-10-31,14257.6,252.772,204.6,607645.0,2711.739990234375
2018-11-30,14288.4,252.594,202.3,592593.0,2760.169921875
2018-12-31,14392.0,252.767,201.0,554285.0,2506.85009765625
2019-01-31,14460.2,252.561,199.1,568433.0,2704.10009765625
2019-02-28,14506.6,253.319,199.2,581205.0,2784.489990234375
2019-03-31,14559.5,254.277,200.8,574013.0,2834.39990234375
2019-04-30,14594.0,255.233,202.1,588721.0,2945.830078125
2019-05-31,14703.2,255.296,201.7,568751.0,2752.06005859375
2019-06-30,14798.8,255.213,200.3,596304.0,2941.760009765625
2019-07-31,14882.7,255.802,200.7,602139.0,2980.3798828125
2019-08-31,14974.4,256.036,199.2,564894.0,2926.4599609375
2019-09-30,15047.2,256.43,198.4,555910.0,2976.739990234375
2019-10-31,15185.6,257.155,198.6,554604.0,3037.56005859375
2019-11-30,15301.3,257.879,199.0,563482.0,3140.97998046875
2019-12-31,15351.5,258.63,199.0,579221.0,3230.780029296875
2020-01-31,15425.0,259.127,199.3,561812.0,3225.52001953125
2020-02-29,15492.8,259.25,196.7,545127.0,2954.219970703125
2020-03-31,16034.4,258.076,193.1,479291.0,2584.590087890625
2020-04-30,17064.0,256.032,185.5,524696.0,2912.429931640625
2020-05-31,17931.9,255.802,188.6,552543.0,3044.31005859375
2020-06-30,18180.0,257.042,191.2,584676.0,3100.2900390625
2020-07-31,18331.4,258.352,193.0,613830.0,3271.1201171875
2020-08-31,18413.3,259.316,194.3,645547.0,3500.31005859375
2020-09-30,18605.0,259.997,195.5,654324.0,3363.0
2020-10-31,18759.9,260.319,196.5,659313.0,3269.9599609375
2020-11-30,19002.4,260.911,198.3,722118.0,3621.6298828125
2020-12-31,19119.4,262.045,200.5,778037.0,3756.070068359375
2021-01-31,19375.3,262.687,204.8,798605.0,3714.239990234375
2021-02-28,19641.4,263.579,210.6,813680.0,3811.14990234375
2021-03-31,19874.5,264.961,215.0,822551.0,3972.889892578125
2021-04-30,20174.1,266.614,217.9,847186.0,4181.169921875
2021-05-31,20457.2,268.383,224.9,861626.0,4204.10986328125
2021-06-30,20472.1,270.654,228.9,882103.0,4297.5
2021-07-31,20629.1,271.903,231.85,844324.0,4395.259765625
2021-08-31,20843.2,272.676,233.415,911545.0,4522.68017578125
2021-09-30,20984.5,273.91,235.678,903117.0,4307.5400390625
2021-10-31,21163.3,276.55,240.465,935862.0,4605.3798828125
2021-11-30,21340.1,278.919,243.287,918598.0,4567.0
2021-12-31,21502.0,280.845,241.338,910021.0,4766.18017578125
2022-01-31,21646.4,282.543,246.453,829637.0,4515.5498046875
2022-02-28,21724.7,284.5,252.66,835255.0,4373.93994140625
2022-03-31,21787.2,287.674,260.014,799660.0,4530.41015625
2022-04-30,21767.6,288.561,265.31,772940.0,4131.93017578125
2022-05-31,21717.4,291.298,273.251,752944.0,4132.14990234375
2022-06-30,21646.7,294.957,280.251,683445.0,3785.3798828125
2022-07-31,21649.2,294.913,272.274,696781.0,4130.2900390625
2022-08-31,21641.9,295.097,269.546,687787.0,3955.0
2022-09-30,21541.3,296.349,267.898,664009.0,3585.6201171875
2022-10-31,21464.1,298.007,265.061,649618.0,3871.97998046875
2022-11-30,21409.4,298.786,263.157,643783.0,4080.110107421875
2022-12-31,21293.1,298.832,257.897,606659.0,3839.5
2023-01-31,21274.0,300.42,260.227,641228.0,4076.60009765625
2023-02-28,21240.2,301.45,258.669,624379.0,3970.14990234375
2023-03-31,20942.3,301.821,257.062,645429.0,4109.31005859375
2023-04-30,20758.3,302.845,256.908,631949.0,4169.47998046875
2023-05-31,20829.6,303.334,253.67,644170.0,4179.830078125
2023-06-30,20798.9,304.014,253.86,681228.0,4450.3798828125
2023-07-31,20792.2,304.609,253.835,709834.0,4588.9599609375
2023-08-31,20782.0,306.082,257.68,689185.0,4507.66015625
2023-09-30,20753.6,307.276,258.934,680846.0,4288.0498046875
2023-10-31,20737.5,307.696,255.192,635276.0,4193.7998046875
2023-11-30,20749.7,308.148,252.856,660887.0,4567.7998046875
2023-12-31,20779.9,308.741,249.866,700774.0,4769.830078125
2024-01-31,20835.5,309.698,251.306,701975.0,4845.64990234375
2024-02-29,20921.7,310.967,254.926,742963.0,5096.27001953125
2024-03-31,20965.9,312.345,255.095,784136.0,5254.35009765625
2024-04-30,20955.5,313.023,256.978,775464.0,5035.68994140625
2024-05-31,21021.7,313.175,255.313,809431.0,5277.509765625
2024-06-30,21070.7,313.044,255.914,809322.0,5460.47998046875
2024-07-31,21098.8,313.569,257.321,810835.0,5522.2998046875
2024-08-31,21191.9,314.062,255.463,797162.0,5648.39990234375
2024-09-30,21275.5,314.732,252.682,813211.0,5762.47998046875
2024-10-31,21336.7,315.631,253.081,815369.0,5705.4501953125
2024-11-30,21454.8,316.528,253.211,890852.0,6032.3798828125
2024-12-31,21487.6,317.604,253.423,899168.0,5881.6298828125
2025-01-31,21539.2,318.961,257.36,937253.0,6040.52978515625
2025-02-28,21607.2,319.679,259.498,918144.0,5954.5
2025-03-31,21684.1,319.785,258.525,880316.0,5611.85009765625
2025-04-30,21770.9,320.302,258.392,850558.0,5569.06005859375
2025-05-31,21836.2,320.62,258.678,920960.0,5911.68994140625
2025-06-30,21942.7,321.435,260.491,1007961.0,6204.9501953125
2025-07-31,22025.5,322.169,262.358,1022548.0,6339.39013671875
2025-08-31,22092.5,323.291,262.11,1059723.0,6460.259765625
2025-09-30,22176.1,324.245,262.054,1126494.0,6688.4599609375
2025-10-31,22249.8,,260.591,1183654.0,6840.2001953125
2025-11-30,22279.8,325.063,261.914,1214321.0,6849.08984375
2025-12-31,22355.3,326.031,261.333,1225597.0,6845.5
2026-01-31,22420.1,326.588,263.608,1279042.0,6939.02978515625
2026-02-28,22620.3,327.46,269.535,1253192.0,6878.8798828125
2026-03-31,22676.1,330.293,276.046,1220922.0,6528.52001953125
2026-04-30,22799.9,332.407,282.779,1304281.0,7209.009765625
2026-05-31,23055.6,333.979,290.489,1415557.0,7580.06005859375
2026-06-30,23155.2,332.568,286.827,1502072.0,7499.35986328125
2026-07-31,,,,,7489.72021484375
